"time","Equinor","Equinor( volume )"
"2020-12-04 16:26","148.25",""
"2020-12-07 09:00","148.35","97407"
"2020-12-07 09:01","148.45","8710"
"2020-12-07 09:02","148.3","5744"
"2020-12-07 09:03","148.7","6102"
"2020-12-07 09:04","148.6","23109"
"2020-12-07 09:05","148.25","7658"
"2020-12-07 09:06","148.55","6020"
"2020-12-07 09:07","148.55","1676"
"2020-12-07 09:08","148.7","4621"
"2020-12-07 09:09","148.55","6989"
"2020-12-07 09:10","148.45","17776"
"2020-12-07 09:11","148.25","5721"
"2020-12-07 09:12","148.35","10598"
"2020-12-07 09:13","148.3","6308"
"2020-12-07 09:14","148.2","10603"
"2020-12-07 09:15","148.1","6202"
"2020-12-07 09:16","148.4","7515"
"2020-12-07 09:17","148.4","903"
"2020-12-07 09:18","148.25","7939"
"2020-12-07 09:19","148.35","1981"
"2020-12-07 09:20","148.1","5648"
"2020-12-07 09:21","148.3","15025"
"2020-12-07 09:22","148.3","5331"
"2020-12-07 09:23","148.1","6474"
"2020-12-07 09:24","147.7","6458"
"2020-12-07 09:25","147.65","7671"
"2020-12-07 09:26","147.6","2888"
"2020-12-07 09:27","147.9","5348"
"2020-12-07 09:28","147.8","2228"
"2020-12-07 09:29","148","5179"
"2020-12-07 09:30","147.95","4112"
"2020-12-07 09:31","148.05","487"
"2020-12-07 09:32","148.1","3359"
"2020-12-07 09:33","148","1764"
"2020-12-07 09:34","148.05","2875"
"2020-12-07 09:35","148.05","1638"
"2020-12-07 09:36","148","2679"
"2020-12-07 09:37","148","2908"
"2020-12-07 09:38","148.05","998"
"2020-12-07 09:39","148.3","5847"
"2020-12-07 09:41","148.1","1877"
"2020-12-07 09:42","148","709"
"2020-12-07 09:43","147.8","3928"
"2020-12-07 09:44","147.6","2326"
"2020-12-07 09:45","147.8","1289"
"2020-12-07 09:46","147.95","4318"
"2020-12-07 09:47","147.95","1321"
"2020-12-07 09:48","148.1","2734"
"2020-12-07 09:49","148.1","214"
"2020-12-07 09:50","148.05","2595"
"2020-12-07 09:51","148","634"
"2020-12-07 09:52","147.95","2656"
"2020-12-07 09:53","147.95","25"
"2020-12-07 09:54","148","1408"
"2020-12-07 09:55","148.05","2741"
"2020-12-07 09:56","148.05","3489"
"2020-12-07 09:57","147.95","2833"
"2020-12-07 09:58","148.05","500"
"2020-12-07 09:59","147.95","8092"
"2020-12-07 10:00","147.95","1777"
"2020-12-07 10:01","148","2962"
"2020-12-07 10:02","147.85","8514"
"2020-12-07 10:03","147.85","446"
"2020-12-07 10:04","147.75","2504"
"2020-12-07 10:05","147.6","1598"
"2020-12-07 10:06","147.55","1040"
"2020-12-07 10:07","147.6","3951"
"2020-12-07 10:08","147.6","7819"
"2020-12-07 10:10","147.75","1455"
"2020-12-07 10:11","147.85","2922"
"2020-12-07 10:12","147.7","1557"
"2020-12-07 10:13","147.7","295"
"2020-12-07 10:14","147.7","1203"
"2020-12-07 10:15","147.7","231"
"2020-12-07 10:16","147.65","5744"
"2020-12-07 10:17","147.7","1848"
"2020-12-07 10:18","147.7","100"
"2020-12-07 10:19","147.6","1803"
"2020-12-07 10:20","147.65","1307"
"2020-12-07 10:21","147.7","2241"
"2020-12-07 10:22","147.75","366"
"2020-12-07 10:23","147.7","4544"
"2020-12-07 10:24","147.7","4677"
"2020-12-07 10:25","147.75","4468"
"2020-12-07 10:26","147.85","7315"
"2020-12-07 10:27","147.9","3839"
"2020-12-07 10:28","147.8","10"
"2020-12-07 10:29","147.75","3639"
"2020-12-07 10:30","147.8","2085"
"2020-12-07 10:31","147.95","6401"
"2020-12-07 10:32","148","3120"
"2020-12-07 10:33","148","1563"
"2020-12-07 10:34","147.9","3723"
"2020-12-07 10:35","148","5594"
"2020-12-07 10:37","147.95","3027"
"2020-12-07 10:39","147.8","854"
"2020-12-07 10:40","147.8","41"
"2020-12-07 10:41","147.8","1457"
"2020-12-07 10:42","147.9","2374"
"2020-12-07 10:44","147.9","349"
"2020-12-07 10:46","147.95","500"
"2020-12-07 10:47","147.9","100"
"2020-12-07 10:48","147.85","2778"
"2020-12-07 10:49","147.9","2137"
"2020-12-07 10:50","148.1","1915"
"2020-12-07 10:51","148","2532"
"2020-12-07 10:52","148.05","10029"
"2020-12-07 10:53","147.95","347"
"2020-12-07 10:54","147.85","1700"
"2020-12-07 10:56","147.95","4829"
"2020-12-07 10:59","147.9","1583"
"2020-12-07 11:00","147.9","571"
"2020-12-07 11:02","147.85","250"
"2020-12-07 11:03","147.8","2912"
"2020-12-07 11:04","147.8","2436"
"2020-12-07 11:06","147.85","859"
"2020-12-07 11:07","147.9","4582"
"2020-12-07 11:08","147.85","1221"
"2020-12-07 11:09","147.85","1041"
"2020-12-07 11:10","147.8","286"
"2020-12-07 11:11","147.85","1161"
"2020-12-07 11:12","147.8","4816"
"2020-12-07 11:13","147.8","1110"
"2020-12-07 11:14","147.8","1502"
"2020-12-07 11:15","147.8","2196"
"2020-12-07 11:16","147.8","477"
"2020-12-07 11:17","147.8","50"
"2020-12-07 11:18","147.75","5444"
"2020-12-07 11:19","147.75","130"
"2020-12-07 11:20","147.75","3230"
"2020-12-07 11:21","147.75","650"
"2020-12-07 11:22","147.6","1890"
"2020-12-07 11:23","147.4","3032"
"2020-12-07 11:24","147.4","2159"
"2020-12-07 11:25","147.5","2345"
"2020-12-07 11:26","147.55","964"
"2020-12-07 11:27","147.6","6871"
"2020-12-07 11:28","147.6","1600"
"2020-12-07 11:29","147.5","374"
"2020-12-07 11:30","147.4","3628"
"2020-12-07 11:31","147.35","837"
"2020-12-07 11:32","147.2","2000"
"2020-12-07 11:33","147.2","5255"
"2020-12-07 11:34","147.35","2815"
"2020-12-07 11:35","147.3","1722"
"2020-12-07 11:36","147.35","1664"
"2020-12-07 11:37","147.35","400"
"2020-12-07 11:38","147.4","2337"
"2020-12-07 11:39","147.35","99"
"2020-12-07 11:40","147.35","103"
"2020-12-07 11:41","147.3","1172"
"2020-12-07 11:42","147.25","2563"
"2020-12-07 11:43","147.3","2754"
"2020-12-07 11:44","146.9","23590"
"2020-12-07 11:45","147.05","6400"
"2020-12-07 11:46","147.1","1200"
"2020-12-07 11:47","147.1","2221"
"2020-12-07 11:48","147.15","250"
"2020-12-07 11:49","147.25","2189"
"2020-12-07 11:50","147.35","1795"
"2020-12-07 11:51","147.35","844"
"2020-12-07 11:52","147.3","974"
"2020-12-07 11:53","147.3","2011"
"2020-12-07 11:54","147.1","1481"
"2020-12-07 11:55","147.05","104"
"2020-12-07 11:56","147.1","1598"
"2020-12-07 11:58","147.05","695"
"2020-12-07 11:59","147","632"
"2020-12-07 12:00","147","2632"
"2020-12-07 12:02","147.05","2293"
"2020-12-07 12:03","147.15","3032"
"2020-12-07 12:04","147.3","2130"
"2020-12-07 12:05","147.25","2082"
"2020-12-07 12:06","147.15","3272"
"2020-12-07 12:07","147.15","1305"
"2020-12-07 12:09","147.2","179"
"2020-12-07 12:10","147.15","404"
"2020-12-07 12:11","147.15","695"
"2020-12-07 12:12","147.15","1050"
"2020-12-07 12:13","147.15","995"
"2020-12-07 12:14","147.2","4201"
"2020-12-07 12:15","147.25","500"
"2020-12-07 12:16","147.2","3434"
"2020-12-07 12:17","147.15","1012"
"2020-12-07 12:18","147.15","1207"
"2020-12-07 12:19","147.1","2302"
"2020-12-07 12:20","147.1","2019"
"2020-12-07 12:21","147.1","2179"
"2020-12-07 12:22","147.05","349"
"2020-12-07 12:23","147.05","2387"
"2020-12-07 12:24","147","940"
"2020-12-07 12:25","147.15","1238"
"2020-12-07 12:26","147.1","3102"
"2020-12-07 12:27","147.05","1765"
"2020-12-07 12:28","147.15","2204"
"2020-12-07 12:29","147.15","1000"
"2020-12-07 12:30","147.15","1000"
"2020-12-07 12:31","147.15","200"
"2020-12-07 12:32","147.2","3830"
"2020-12-07 12:33","147.15","746"
"2020-12-07 12:34","147.2","1929"
"2020-12-07 12:35","147.35","1529"
"2020-12-07 12:36","147.4","3036"
"2020-12-07 12:37","147.4","66"
"2020-12-07 12:38","147.45","4760"
"2020-12-07 12:39","147.25","3154"
"2020-12-07 12:40","147.35","1814"
"2020-12-07 12:41","147.35","2211"
"2020-12-07 12:42","147.35","2213"
"2020-12-07 12:43","147.3","135"
"2020-12-07 12:44","147.3","2535"
"2020-12-07 12:45","147.4","3308"
"2020-12-07 12:46","147.4","817"
"2020-12-07 12:47","147.4","2"
"2020-12-07 12:48","147.6","6599"
"2020-12-07 12:50","147.6","1810"
"2020-12-07 12:52","147.55","645"
"2020-12-07 12:53","147.55","1054"
"2020-12-07 12:54","147.55","487"
"2020-12-07 12:55","147.45","1649"
"2020-12-07 12:56","147.45","1342"
"2020-12-07 12:57","147.4","3090"
"2020-12-07 12:58","147.35","2291"
"2020-12-07 13:00","147.35","278"
"2020-12-07 13:01","147.4","9375"
"2020-12-07 13:02","147.45","50"
"2020-12-07 13:04","147.5","5105"
"2020-12-07 13:05","147.45","1911"
"2020-12-07 13:06","147.45","8313"
"2020-12-07 13:07","147.4","2723"
"2020-12-07 13:08","147.35","2500"
"2020-12-07 13:11","147.4","1983"
"2020-12-07 13:13","147.25","983"
"2020-12-07 13:14","147.3","599"
"2020-12-07 13:15","147.3","529"
"2020-12-07 13:16","147.4","2308"
"2020-12-07 13:18","147.45","1350"
"2020-12-07 13:20","147.5","880"
"2020-12-07 13:21","147.5","250"
"2020-12-07 13:22","147.45","1014"
"2020-12-07 13:23","147.4","819"
"2020-12-07 13:24","147.45","74"
"2020-12-07 13:25","147.45","8634"
"2020-12-07 13:26","147.45","10"
"2020-12-07 13:27","147.3","1412"
"2020-12-07 13:29","147.45","3070"
"2020-12-07 13:30","147.6","2777"
"2020-12-07 13:31","147.65","50"
"2020-12-07 13:32","147.75","3145"
"2020-12-07 13:33","147.75","3017"
"2020-12-07 13:34","147.75","32"
"2020-12-07 13:35","147.75","4474"
"2020-12-07 13:37","147.7","2805"
"2020-12-07 13:38","147.7","53"
"2020-12-07 13:39","147.6","1763"
"2020-12-07 13:40","147.55","2762"
"2020-12-07 13:41","147.45","2525"
"2020-12-07 13:42","147.4","2722"
"2020-12-07 13:43","147.4","1097"
"2020-12-07 13:44","147.3","4581"
"2020-12-07 13:45","147.15","2369"
"2020-12-07 13:46","147.25","1396"
"2020-12-07 13:47","147.3","3849"
"2020-12-07 13:48","147.25","1532"
"2020-12-07 13:49","147.25","1183"
"2020-12-07 13:50","147.3","1310"
"2020-12-07 13:51","147.3","2215"
"2020-12-07 13:52","147.3","255"
"2020-12-07 13:53","147.35","1476"
"2020-12-07 13:54","147.35","1740"
"2020-12-07 13:55","147.35","349"
"2020-12-07 13:57","147.4","1944"
"2020-12-07 13:58","147.35","3248"
"2020-12-07 13:59","147.35","3964"
"2020-12-07 14:00","147.25","8301"
"2020-12-07 14:01","147.25","145"
"2020-12-07 14:02","147.3","3177"
"2020-12-07 14:03","147.35","1694"
"2020-12-07 14:04","147.35","1255"
"2020-12-07 14:05","147.35","195"
"2020-12-07 14:07","147.25","2863"
"2020-12-07 14:08","147.25","2678"
"2020-12-07 14:09","147.25","860"
"2020-12-07 14:10","147.2","1999"
"2020-12-07 14:11","147.2","1427"
"2020-12-07 14:12","147.2","1835"
"2020-12-07 14:13","147.15","1918"
"2020-12-07 14:14","147.05","1579"
"2020-12-07 14:15","147.1","5925"
"2020-12-07 14:16","147.15","1841"
"2020-12-07 14:17","147.15","1762"
"2020-12-07 14:18","147.15","2083"
"2020-12-07 14:20","147.2","3036"
"2020-12-07 14:21","147.1","1998"
"2020-12-07 14:22","147.2","930"
"2020-12-07 14:23","147.25","500"
"2020-12-07 14:26","147.25","3151"
"2020-12-07 14:27","147.2","3709"
"2020-12-07 14:28","147.25","1397"
"2020-12-07 14:29","147.25","657"
"2020-12-07 14:30","147.1","5358"
"2020-12-07 14:31","147.05","246"
"2020-12-07 14:32","147.05","3454"
"2020-12-07 14:33","147.05","20"
"2020-12-07 14:34","147.05","2041"
"2020-12-07 14:35","146.95","2790"
"2020-12-07 14:36","146.9","342"
"2020-12-07 14:37","146.85","1074"
"2020-12-07 14:38","146.75","3202"
"2020-12-07 14:39","146.9","1569"
"2020-12-07 14:40","147.05","4345"
"2020-12-07 14:41","147.05","2886"
"2020-12-07 14:42","147","1284"
"2020-12-07 14:44","147","568"
"2020-12-07 14:46","147","5538"
"2020-12-07 14:47","146.9","2019"
"2020-12-07 14:48","146.9","6400"
"2020-12-07 14:49","146.95","973"
"2020-12-07 14:50","146.95","664"
"2020-12-07 14:52","146.95","2148"
"2020-12-07 14:54","146.95","216"
"2020-12-07 14:55","146.9","876"
"2020-12-07 14:56","146.85","1721"
"2020-12-07 14:57","146.9","526"
"2020-12-07 14:58","146.95","363"
"2020-12-07 14:59","146.9","37"
"2020-12-07 15:00","146.9","3407"
"2020-12-07 15:01","146.95","70"
"2020-12-07 15:03","146.9","3332"
"2020-12-07 15:04","146.95","1985"
"2020-12-07 15:05","147.1","2906"
"2020-12-07 15:06","147.05","4794"
"2020-12-07 15:07","147.05","4500"
"2020-12-07 15:09","147.05","954"
"2020-12-07 15:10","147.05","1462"
"2020-12-07 15:11","147","1449"
"2020-12-07 15:12","146.95","1226"
"2020-12-07 15:13","146.95","649"
"2020-12-07 15:14","146.95","1958"
"2020-12-07 15:15","146.95","449"
"2020-12-07 15:16","147","529"
"2020-12-07 15:17","146.95","1620"
"2020-12-07 15:18","146.95","472"
"2020-12-07 15:19","146.9","287"
"2020-12-07 15:22","146.85","1509"
"2020-12-07 15:23","146.85","2727"
"2020-12-07 15:24","146.85","300"
"2020-12-07 15:25","146.75","6854"
"2020-12-07 15:26","146.75","8137"
"2020-12-07 15:27","146.8","2663"
"2020-12-07 15:28","146.8","5118"
"2020-12-07 15:29","146.55","7209"
"2020-12-07 15:30","146","95723"
"2020-12-07 15:31","145.75","25083"
"2020-12-07 15:32","145.65","12167"
"2020-12-07 15:33","145.45","29582"
"2020-12-07 15:34","145.2","8417"
"2020-12-07 15:35","145.3","17071"
"2020-12-07 15:36","145.35","21821"
"2020-12-07 15:37","145.3","25211"
"2020-12-07 15:38","145.3","23189"
"2020-12-07 15:39","144.75","63444"
"2020-12-07 15:40","145","10109"
"2020-12-07 15:41","145","9874"
"2020-12-07 15:42","145.05","11173"
"2020-12-07 15:43","144.95","6531"
"2020-12-07 15:44","145.3","9861"
"2020-12-07 15:45","145.2","7707"
"2020-12-07 15:46","145.25","1728"
"2020-12-07 15:47","145.15","9059"
"2020-12-07 15:48","145.4","3787"
"2020-12-07 15:49","145.25","5827"
"2020-12-07 15:50","145.45","11910"
"2020-12-07 15:51","145.35","5302"
"2020-12-07 15:52","145.3","6502"
"2020-12-07 15:53","145.35","256"
"2020-12-07 15:54","145.2","12661"
"2020-12-07 15:55","145.15","11467"
"2020-12-07 15:56","145.3","14721"
"2020-12-07 15:57","145.4","4496"
"2020-12-07 15:58","145.55","10425"
"2020-12-07 15:59","145.6","10621"
"2020-12-07 16:00","145.8","9139"
"2020-12-07 16:01","145.55","3406"
"2020-12-07 16:02","145.5","10069"
"2020-12-07 16:03","145.35","13569"
"2020-12-07 16:04","145.2","5906"
"2020-12-07 16:05","145.15","5734"
"2020-12-07 16:06","145.25","1407"
"2020-12-07 16:07","145.45","2605"
"2020-12-07 16:08","145.45","11549"
"2020-12-07 16:09","145.55","9338"
"2020-12-07 16:10","145.65","10164"
"2020-12-07 16:11","145.7","5034"
"2020-12-07 16:12","145.75","17733"
"2020-12-07 16:13","145.75","4100"
"2020-12-07 16:14","145.65","12666"
"2020-12-07 16:15","145.75","20132"
"2020-12-07 16:16","145.65","7559"
"2020-12-07 16:17","145.8","5594"
"2020-12-07 16:18","145.65","11288"
"2020-12-07 16:19","145.4","11500"
"2020-12-07 16:25","145.75","993813"
"2020-12-07 16:27","145.75","49495"
"2020-12-08 09:00","145.45","76038"
"2020-12-08 09:01","145.55","9744"
"2020-12-08 09:02","145.5","13232"
"2020-12-08 09:03","145.75","10160"
"2020-12-08 09:04","145.65","8075"
"2020-12-08 09:05","145.25","3789"
"2020-12-08 09:06","145.55","12128"
"2020-12-08 09:07","145.5","7226"
"2020-12-08 09:08","145.25","7147"
"2020-12-08 09:09","145.25","3683"
"2020-12-08 09:10","145.3","7612"
"2020-12-08 09:11","145.3","3978"
"2020-12-08 09:12","145.25","3850"
"2020-12-08 09:13","145.3","3928"
"2020-12-08 09:14","145.55","10745"
"2020-12-08 09:15","145.8","5367"
"2020-12-08 09:16","145.85","3568"
"2020-12-08 09:17","145.6","6985"
"2020-12-08 09:18","145.85","4968"
"2020-12-08 09:19","145.7","3042"
"2020-12-08 09:20","145.9","2459"
"2020-12-08 09:21","146.2","8787"
"2020-12-08 09:22","146.2","129"
"2020-12-08 09:23","145.95","11949"
"2020-12-08 09:24","146.05","3168"
"2020-12-08 09:25","146","7029"
"2020-12-08 09:26","146","5656"
"2020-12-08 09:27","146.15","2636"
"2020-12-08 09:28","146.15","6092"
"2020-12-08 09:29","146.15","2802"
"2020-12-08 09:30","146.3","5967"
"2020-12-08 09:31","146.25","6623"
"2020-12-08 09:32","146.25","3374"
"2020-12-08 09:33","146.4","14509"
"2020-12-08 09:34","146.55","10707"
"2020-12-08 09:35","146.5","4126"
"2020-12-08 09:36","146.65","11333"
"2020-12-08 09:37","146.6","3892"
"2020-12-08 09:38","146.6","9218"
"2020-12-08 09:39","146.6","2251"
"2020-12-08 09:40","146.5","3331"
"2020-12-08 09:41","146.6","5736"
"2020-12-08 09:42","146.55","7928"
"2020-12-08 09:43","146.6","232"
"2020-12-08 09:44","146.55","218"
"2020-12-08 09:45","146.4","1206"
"2020-12-08 09:46","146.5","9337"
"2020-12-08 09:47","146.5","1940"
"2020-12-08 09:48","146.45","200"
"2020-12-08 09:49","146.4","380"
"2020-12-08 09:50","146.45","5113"
"2020-12-08 09:52","146.45","2691"
"2020-12-08 09:53","146.4","1121"
"2020-12-08 09:54","146.4","321"
"2020-12-08 09:55","146.55","8158"
"2020-12-08 09:56","146.65","564"
"2020-12-08 09:57","146.4","7933"
"2020-12-08 09:58","146.4","174"
"2020-12-08 09:59","146.4","2651"
"2020-12-08 10:00","146.45","658"
"2020-12-08 10:01","146.6","4057"
"2020-12-08 10:02","146.7","33693"
"2020-12-08 10:03","146.6","1602"
"2020-12-08 10:04","146.65","2316"
"2020-12-08 10:05","146.6","534"
"2020-12-08 10:06","146.45","7620"
"2020-12-08 10:07","146.6","5407"
"2020-12-08 10:08","146.6","3424"
"2020-12-08 10:09","146.5","23656"
"2020-12-08 10:11","146.45","6781"
"2020-12-08 10:12","146.65","2375"
"2020-12-08 10:13","146.55","3149"
"2020-12-08 10:14","146.65","3043"
"2020-12-08 10:15","146.65","1681"
"2020-12-08 10:16","146.65","1005"
"2020-12-08 10:17","146.6","3697"
"2020-12-08 10:18","146.3","2146"
"2020-12-08 10:20","146.3","1682"
"2020-12-08 10:21","146.2","1881"
"2020-12-08 10:22","146.15","369"
"2020-12-08 10:23","146.15","5404"
"2020-12-08 10:24","146.1","3000"
"2020-12-08 10:26","146.15","463"
"2020-12-08 10:27","146.3","2300"
"2020-12-08 10:28","146.3","156"
"2020-12-08 10:29","146.35","6882"
"2020-12-08 10:30","146.35","4817"
"2020-12-08 10:31","146.45","2975"
"2020-12-08 10:33","146.35","4038"
"2020-12-08 10:34","146.4","1950"
"2020-12-08 10:35","146.4","2293"
"2020-12-08 10:36","146.3","163"
"2020-12-08 10:37","146.1","7927"
"2020-12-08 10:38","146","3801"
"2020-12-08 10:39","145.95","1982"
"2020-12-08 10:40","145.95","2726"
"2020-12-08 10:41","145.85","1709"
"2020-12-08 10:42","145.8","2643"
"2020-12-08 10:43","145.75","4429"
"2020-12-08 10:44","145.85","5003"
"2020-12-08 10:45","145.85","2221"
"2020-12-08 10:46","145.9","9407"
"2020-12-08 10:47","146","5299"
"2020-12-08 10:48","145.9","2818"
"2020-12-08 10:49","145.9","935"
"2020-12-08 10:50","145.9","681"
"2020-12-08 10:51","145.9","76"
"2020-12-08 10:52","145.8","3024"
"2020-12-08 10:53","145.75","10249"
"2020-12-08 10:54","145.7","784"
"2020-12-08 10:55","145.65","2634"
"2020-12-08 10:56","145.65","5980"
"2020-12-08 10:57","145.75","4903"
"2020-12-08 10:58","145.7","483"
"2020-12-08 10:59","145.65","3743"
"2020-12-08 11:00","145.75","1372"
"2020-12-08 11:01","145.75","400"
"2020-12-08 11:02","145.65","2607"
"2020-12-08 11:03","145.75","1646"
"2020-12-08 11:04","145.8","35"
"2020-12-08 11:05","145.75","541"
"2020-12-08 11:06","145.7","296"
"2020-12-08 11:07","145.7","5104"
"2020-12-08 11:08","145.7","3158"
"2020-12-08 11:09","145.65","904"
"2020-12-08 11:10","145.75","939"
"2020-12-08 11:11","145.75","2341"
"2020-12-08 11:12","145.75","29"
"2020-12-08 11:13","145.65","1425"
"2020-12-08 11:14","145.6","3694"
"2020-12-08 11:15","145.6","2541"
"2020-12-08 11:16","145.4","25478"
"2020-12-08 11:17","145.35","2227"
"2020-12-08 11:19","145.4","30"
"2020-12-08 11:21","145.45","2591"
"2020-12-08 11:23","145.6","10184"
"2020-12-08 11:24","145.6","3578"
"2020-12-08 11:25","145.6","1395"
"2020-12-08 11:26","145.8","3533"
"2020-12-08 11:27","145.75","974"
"2020-12-08 11:28","145.8","1087"
"2020-12-08 11:29","145.75","164"
"2020-12-08 11:30","145.7","1083"
"2020-12-08 11:31","145.8","3074"
"2020-12-08 11:32","145.85","1574"
"2020-12-08 11:33","145.85","399"
"2020-12-08 11:34","145.8","2953"
"2020-12-08 11:35","145.65","9938"
"2020-12-08 11:36","145.65","334"
"2020-12-08 11:37","145.6","1015"
"2020-12-08 11:39","145.65","570"
"2020-12-08 11:40","145.7","826"
"2020-12-08 11:41","145.75","2038"
"2020-12-08 11:42","145.7","2477"
"2020-12-08 11:43","145.6","5470"
"2020-12-08 11:44","145.55","1062"
"2020-12-08 11:45","145.5","155"
"2020-12-08 11:48","145.5","168"
"2020-12-08 11:50","145.6","3038"
"2020-12-08 11:51","145.7","5525"
"2020-12-08 11:52","145.7","100"
"2020-12-08 11:53","145.75","4490"
"2020-12-08 11:54","145.7","3016"
"2020-12-08 11:55","145.7","3923"
"2020-12-08 11:56","145.65","4479"
"2020-12-08 11:58","145.65","966"
"2020-12-08 11:59","145.65","828"
"2020-12-08 12:00","145.65","1108"
"2020-12-08 12:01","145.65","7185"
"2020-12-08 12:02","145.65","1421"
"2020-12-08 12:03","145.55","505"
"2020-12-08 12:04","145.55","372"
"2020-12-08 12:05","145.6","767"
"2020-12-08 12:06","145.65","1193"
"2020-12-08 12:07","145.65","1191"
"2020-12-08 12:08","145.6","1961"
"2020-12-08 12:09","145.4","9813"
"2020-12-08 12:10","145.5","5446"
"2020-12-08 12:11","145.4","3601"
"2020-12-08 12:12","145.35","4274"
"2020-12-08 12:13","145.4","2569"
"2020-12-08 12:15","145.25","7725"
"2020-12-08 12:16","145.2","3315"
"2020-12-08 12:19","145.15","1040"
"2020-12-08 12:20","145.15","14088"
"2020-12-08 12:21","145.3","7160"
"2020-12-08 12:22","145.2","6915"
"2020-12-08 12:23","145.2","2705"
"2020-12-08 12:24","145.4","6916"
"2020-12-08 12:25","145.4","2784"
"2020-12-08 12:26","145.4","237"
"2020-12-08 12:27","145.35","2065"
"2020-12-08 12:28","145.4","4236"
"2020-12-08 12:29","145.45","11968"
"2020-12-08 12:30","145.4","2669"
"2020-12-08 12:31","145.3","2407"
"2020-12-08 12:32","145.3","851"
"2020-12-08 12:33","145.4","2371"
"2020-12-08 12:34","145.4","682"
"2020-12-08 12:37","145.45","1947"
"2020-12-08 12:38","145.4","2557"
"2020-12-08 12:39","145.4","1538"
"2020-12-08 12:40","145.25","2451"
"2020-12-08 12:41","145.3","2933"
"2020-12-08 12:42","145.35","1419"
"2020-12-08 12:44","145.3","1463"
"2020-12-08 12:45","145.3","4357"
"2020-12-08 12:46","145.4","6520"
"2020-12-08 12:47","145.35","3677"
"2020-12-08 12:48","145.45","2161"
"2020-12-08 12:49","145.35","3642"
"2020-12-08 12:50","145.4","100"
"2020-12-08 12:51","145.35","2474"
"2020-12-08 12:52","145.35","430"
"2020-12-08 12:53","145.4","1117"
"2020-12-08 12:54","145.35","1533"
"2020-12-08 12:55","145.35","2987"
"2020-12-08 12:59","145.3","2187"
"2020-12-08 13:00","145.45","9544"
"2020-12-08 13:01","145.4","1802"
"2020-12-08 13:02","145.45","398"
"2020-12-08 13:03","145.45","2045"
"2020-12-08 13:04","145.55","912"
"2020-12-08 13:06","145.6","5779"
"2020-12-08 13:07","145.6","911"
"2020-12-08 13:10","145.55","1896"
"2020-12-08 13:11","145.5","636"
"2020-12-08 13:12","145.45","749"
"2020-12-08 13:13","145.5","11063"
"2020-12-08 13:14","145.75","8268"
"2020-12-08 13:15","145.8","1439"
"2020-12-08 13:16","145.8","2266"
"2020-12-08 13:18","145.75","2639"
"2020-12-08 13:22","145.7","54"
"2020-12-08 13:23","145.75","807"
"2020-12-08 13:25","145.7","1574"
"2020-12-08 13:27","145.75","4196"
"2020-12-08 13:28","145.8","4493"
"2020-12-08 13:30","145.8","3841"
"2020-12-08 13:31","145.8","500"
"2020-12-08 13:32","145.85","1"
"2020-12-08 13:33","145.85","95"
"2020-12-08 13:35","145.9","4302"
"2020-12-08 13:36","145.9","7693"
"2020-12-08 13:41","145.7","6202"
"2020-12-08 13:42","145.7","2717"
"2020-12-08 13:45","145.75","6676"
"2020-12-08 13:46","145.7","132"
"2020-12-08 13:47","145.7","1"
"2020-12-08 13:48","145.8","4464"
"2020-12-08 13:50","145.75","2915"
"2020-12-08 13:51","145.75","75"
"2020-12-08 13:52","145.8","2543"
"2020-12-08 13:54","145.7","2369"
"2020-12-08 13:55","145.7","1471"
"2020-12-08 13:56","145.6","2536"
"2020-12-08 13:57","145.65","23"
"2020-12-08 13:58","145.6","851"
"2020-12-08 13:59","145.55","333"
"2020-12-08 14:00","145.55","1104"
"2020-12-08 14:01","145.6","399"
"2020-12-08 14:03","145.65","4969"
"2020-12-08 14:04","145.7","867"
"2020-12-08 14:06","145.7","534"
"2020-12-08 14:07","145.65","2442"
"2020-12-08 14:08","145.6","1230"
"2020-12-08 14:11","145.65","6485"
"2020-12-08 14:13","145.65","3990"
"2020-12-08 14:14","145.65","1135"
"2020-12-08 14:15","145.6","681"
"2020-12-08 14:16","145.5","3767"
"2020-12-08 14:17","145.5","175"
"2020-12-08 14:18","145.4","5764"
"2020-12-08 14:19","145.4","893"
"2020-12-08 14:20","145.55","4913"
"2020-12-08 14:26","145.7","7632"
"2020-12-08 14:27","145.7","1873"
"2020-12-08 14:28","145.75","716"
"2020-12-08 14:29","145.65","2625"
"2020-12-08 14:30","145.65","75"
"2020-12-08 14:31","145.7","1765"
"2020-12-08 14:34","145.65","2517"
"2020-12-08 14:36","145.6","1742"
"2020-12-08 14:38","145.6","2803"
"2020-12-08 14:40","145.6","969"
"2020-12-08 14:41","145.55","712"
"2020-12-08 14:42","145.6","5412"
"2020-12-08 14:43","145.6","2069"
"2020-12-08 14:44","145.55","876"
"2020-12-08 14:45","145.55","723"
"2020-12-08 14:46","145.55","2352"
"2020-12-08 14:47","145.5","3788"
"2020-12-08 14:48","145.5","2089"
"2020-12-08 14:49","145.45","2010"
"2020-12-08 14:50","145.4","1125"
"2020-12-08 14:51","145.35","795"
"2020-12-08 14:52","145.3","799"
"2020-12-08 14:53","145.4","1226"
"2020-12-08 14:54","145.4","19"
"2020-12-08 14:56","145.4","2772"
"2020-12-08 14:57","145.5","2511"
"2020-12-08 14:58","145.6","789"
"2020-12-08 15:00","145.5","8269"
"2020-12-08 15:01","145.45","1167"
"2020-12-08 15:02","145.4","782"
"2020-12-08 15:03","145.3","704"
"2020-12-08 15:04","145.3","1177"
"2020-12-08 15:05","145.35","4671"
"2020-12-08 15:06","145.3","4897"
"2020-12-08 15:07","145.3","1122"
"2020-12-08 15:08","145.4","3390"
"2020-12-08 15:09","145.3","2876"
"2020-12-08 15:10","145.3","1639"
"2020-12-08 15:11","145.4","921"
"2020-12-08 15:12","145.5","1172"
"2020-12-08 15:13","145.5","730"
"2020-12-08 15:14","145.5","590"
"2020-12-08 15:15","145.5","627"
"2020-12-08 15:16","145.45","2573"
"2020-12-08 15:17","145.4","1844"
"2020-12-08 15:19","145.35","859"
"2020-12-08 15:20","145.3","1640"
"2020-12-08 15:21","145.3","2084"
"2020-12-08 15:22","145.4","800"
"2020-12-08 15:23","145.4","2851"
"2020-12-08 15:25","145.4","41"
"2020-12-08 15:26","145.4","7042"
"2020-12-08 15:27","145.35","2512"
"2020-12-08 15:28","145.3","2146"
"2020-12-08 15:29","145.3","179"
"2020-12-08 15:30","145.2","40087"
"2020-12-08 15:31","145.5","9918"
"2020-12-08 15:32","145.6","2693"
"2020-12-08 15:33","145.6","22010"
"2020-12-08 15:34","145.8","3951"
"2020-12-08 15:35","145.85","23307"
"2020-12-08 15:36","146","5416"
"2020-12-08 15:37","146.1","2351"
"2020-12-08 15:38","146.3","6592"
"2020-12-08 15:39","146.55","14348"
"2020-12-08 15:40","146.8","2175"
"2020-12-08 15:41","146.65","19646"
"2020-12-08 15:42","146.45","5863"
"2020-12-08 15:43","146.3","9554"
"2020-12-08 15:44","146.15","11689"
"2020-12-08 15:45","146.2","4003"
"2020-12-08 15:46","146.25","4397"
"2020-12-08 15:47","146.1","7296"
"2020-12-08 15:48","146.3","5450"
"2020-12-08 15:49","146.4","17597"
"2020-12-08 15:50","146.55","4032"
"2020-12-08 15:51","146.5","9727"
"2020-12-08 15:52","146.45","2192"
"2020-12-08 15:53","146.4","5376"
"2020-12-08 15:54","146.1","9835"
"2020-12-08 15:55","146.15","6126"
"2020-12-08 15:56","146.2","1146"
"2020-12-08 15:57","146.15","3246"
"2020-12-08 15:58","146.15","4050"
"2020-12-08 15:59","146.1","3189"
"2020-12-08 16:00","146","9729"
"2020-12-08 16:01","145.95","3291"
"2020-12-08 16:02","145.9","3606"
"2020-12-08 16:03","145.9","1155"
"2020-12-08 16:04","145.7","11705"
"2020-12-08 16:05","145.75","12786"
"2020-12-08 16:06","145.8","7572"
"2020-12-08 16:07","145.95","11819"
"2020-12-08 16:08","146.1","6921"
"2020-12-08 16:09","146.2","2783"
"2020-12-08 16:10","146.35","4418"
"2020-12-08 16:11","146.3","6472"
"2020-12-08 16:12","146.4","3798"
"2020-12-08 16:13","146.3","5015"
"2020-12-08 16:14","146.15","5677"
"2020-12-08 16:15","146.2","10510"
"2020-12-08 16:16","146.1","3479"
"2020-12-08 16:17","146.2","16757"
"2020-12-08 16:18","146.2","8817"
"2020-12-08 16:19","146.45","13595"
"2020-12-08 16:25","146.5","1085705"
"2020-12-08 16:28","146.5","334"
"2020-12-09 09:00","147.3","134764"
"2020-12-09 09:01","147.3","8472"
"2020-12-09 09:02","147.1","2684"
"2020-12-09 09:03","147.25","7272"
"2020-12-09 09:04","147.45","13145"
"2020-12-09 09:05","147.55","16049"
"2020-12-09 09:06","147.7","14528"
"2020-12-09 09:07","147.7","12364"
"2020-12-09 09:08","147.5","6746"
"2020-12-09 09:09","147.4","9542"
"2020-12-09 09:10","147.5","1702"
"2020-12-09 09:11","147.55","4486"
"2020-12-09 09:12","147.55","1046"
"2020-12-09 09:13","147.4","1018"
"2020-12-09 09:14","147.45","675"
"2020-12-09 09:15","147.5","3151"
"2020-12-09 09:16","147.45","256"
"2020-12-09 09:17","147.55","3489"
"2020-12-09 09:18","147.75","9141"
"2020-12-09 09:19","147.85","7097"
"2020-12-09 09:20","147.9","38283"
"2020-12-09 09:21","147.8","1767"
"2020-12-09 09:22","148.05","10249"
"2020-12-09 09:23","148","3192"
"2020-12-09 09:24","148.05","8061"
"2020-12-09 09:25","148.3","3150"
"2020-12-09 09:26","148.4","9032"
"2020-12-09 09:27","148.3","19019"
"2020-12-09 09:28","148.05","14601"
"2020-12-09 09:29","148","20600"
"2020-12-09 09:30","148.2","5757"
"2020-12-09 09:31","148.2","2322"
"2020-12-09 09:32","148.2","1120"
"2020-12-09 09:33","148.15","2971"
"2020-12-09 09:34","148.3","8380"
"2020-12-09 09:35","148.45","2780"
"2020-12-09 09:36","148.4","3923"
"2020-12-09 09:37","148.4","6229"
"2020-12-09 09:38","148.4","2064"
"2020-12-09 09:39","148.5","5556"
"2020-12-09 09:40","148.5","4778"
"2020-12-09 09:41","148.5","3066"
"2020-12-09 09:42","148.6","17694"
"2020-12-09 09:43","148.6","750"
"2020-12-09 09:44","148.6","4685"
"2020-12-09 09:45","148.7","1328"
"2020-12-09 09:46","148.8","8937"
"2020-12-09 09:47","148.8","1000"
"2020-12-09 09:48","148.8","1007"
"2020-12-09 09:49","148.85","5059"
"2020-12-09 09:50","148.8","8237"
"2020-12-09 09:51","148.7","10167"
"2020-12-09 09:52","148.55","12754"
"2020-12-09 09:53","148.5","2681"
"2020-12-09 09:54","148.7","13031"
"2020-12-09 09:55","148.75","4532"
"2020-12-09 09:56","148.7","450"
"2020-12-09 09:57","148.5","7503"
"2020-12-09 09:58","148.45","6220"
"2020-12-09 09:59","148.5","4209"
"2020-12-09 10:00","148.55","43982"
"2020-12-09 10:01","148.5","30510"
"2020-12-09 10:02","148.45","13979"
"2020-12-09 10:03","148.5","10778"
"2020-12-09 10:04","148.5","5947"
"2020-12-09 10:05","148.5","820"
"2020-12-09 10:06","148.45","2007"
"2020-12-09 10:07","148.4","2202"
"2020-12-09 10:08","148.2","9450"
"2020-12-09 10:09","148.2","5537"
"2020-12-09 10:10","148.3","7455"
"2020-12-09 10:11","148.3","7607"
"2020-12-09 10:12","148.25","3480"
"2020-12-09 10:13","148.35","8504"
"2020-12-09 10:14","148.4","6148"
"2020-12-09 10:15","148.4","2800"
"2020-12-09 10:16","148.45","6000"
"2020-12-09 10:17","148.55","2419"
"2020-12-09 10:18","148.55","3277"
"2020-12-09 10:19","148.55","1008"
"2020-12-09 10:20","148.7","5948"
"2020-12-09 10:21","148.65","6475"
"2020-12-09 10:22","148.7","1694"
"2020-12-09 10:23","148.7","1822"
"2020-12-09 10:24","148.7","2741"
"2020-12-09 10:25","148.7","13984"
"2020-12-09 10:26","148.7","2644"
"2020-12-09 10:27","148.65","3620"
"2020-12-09 10:28","148.65","1847"
"2020-12-09 10:29","148.65","3840"
"2020-12-09 10:30","148.65","500"
"2020-12-09 10:31","148.75","4983"
"2020-12-09 10:32","148.75","244"
"2020-12-09 10:33","148.8","3532"
"2020-12-09 10:34","148.8","3990"
"2020-12-09 10:35","148.9","7128"
"2020-12-09 10:36","148.85","5231"
"2020-12-09 10:37","148.8","2875"
"2020-12-09 10:38","148.8","26379"
"2020-12-09 10:39","148.8","1613"
"2020-12-09 10:40","148.85","3871"
"2020-12-09 10:41","148.85","13436"
"2020-12-09 10:42","148.8","65"
"2020-12-09 10:43","149.05","33675"
"2020-12-09 10:44","149","5251"
"2020-12-09 10:45","149","5760"
"2020-12-09 10:46","149","4238"
"2020-12-09 10:47","149","8213"
"2020-12-09 10:48","149","2156"
"2020-12-09 10:49","148.85","12863"
"2020-12-09 10:50","148.85","1292"
"2020-12-09 10:51","149","23922"
"2020-12-09 10:52","149","3320"
"2020-12-09 10:53","149.1","5088"
"2020-12-09 10:54","149.1","4656"
"2020-12-09 10:55","149.05","3362"
"2020-12-09 10:56","149","7177"
"2020-12-09 10:57","149","708"
"2020-12-09 10:58","149.05","2411"
"2020-12-09 10:59","149.05","7269"
"2020-12-09 11:00","149.1","1883"
"2020-12-09 11:01","149.05","5888"
"2020-12-09 11:02","149.1","288"
"2020-12-09 11:03","149.05","3180"
"2020-12-09 11:05","149.05","12878"
"2020-12-09 11:06","148.85","21351"
"2020-12-09 11:07","148.95","1430"
"2020-12-09 11:08","149","2113"
"2020-12-09 11:09","148.95","4291"
"2020-12-09 11:10","148.9","3400"
"2020-12-09 11:11","148.95","3478"
"2020-12-09 11:12","149","500"
"2020-12-09 11:14","148.95","1878"
"2020-12-09 11:15","148.95","3618"
"2020-12-09 11:16","148.9","2971"
"2020-12-09 11:17","148.95","3397"
"2020-12-09 11:20","148.75","7534"
"2020-12-09 11:21","148.7","3599"
"2020-12-09 11:22","148.55","3399"
"2020-12-09 11:23","148.55","3001"
"2020-12-09 11:24","148.5","2481"
"2020-12-09 11:25","148.45","10478"
"2020-12-09 11:26","148.45","3602"
"2020-12-09 11:27","148.45","926"
"2020-12-09 11:28","148.45","406"
"2020-12-09 11:29","148.35","13500"
"2020-12-09 11:31","148.35","1218"
"2020-12-09 11:32","148.3","3923"
"2020-12-09 11:33","148.35","3538"
"2020-12-09 11:34","148.3","7539"
"2020-12-09 11:35","148.25","893"
"2020-12-09 11:37","148.1","8790"
"2020-12-09 11:38","148.25","4567"
"2020-12-09 11:39","148.25","568"
"2020-12-09 11:40","148.3","5216"
"2020-12-09 11:41","148.45","24683"
"2020-12-09 11:42","148.55","6116"
"2020-12-09 11:43","148.6","4441"
"2020-12-09 11:44","148.65","8503"
"2020-12-09 11:45","148.6","3307"
"2020-12-09 11:46","148.45","3866"
"2020-12-09 11:47","148.35","1011"
"2020-12-09 11:48","148.3","2958"
"2020-12-09 11:49","148.3","10996"
"2020-12-09 11:50","148.4","2498"
"2020-12-09 11:51","148.45","1543"
"2020-12-09 11:52","148.4","2724"
"2020-12-09 11:53","148.5","5383"
"2020-12-09 11:54","148.55","456"
"2020-12-09 11:55","148.5","1398"
"2020-12-09 11:56","148.4","3427"
"2020-12-09 11:57","148.45","200"
"2020-12-09 11:58","148.4","1019"
"2020-12-09 11:59","148.35","1894"
"2020-12-09 12:00","148.3","17815"
"2020-12-09 12:01","148.25","388"
"2020-12-09 12:02","148.25","38"
"2020-12-09 12:03","148.05","11276"
"2020-12-09 12:04","147.9","3000"
"2020-12-09 12:05","148","4851"
"2020-12-09 12:06","148","1643"
"2020-12-09 12:07","148","1366"
"2020-12-09 12:09","148","2128"
"2020-12-09 12:10","148.05","6828"
"2020-12-09 12:11","148.05","15"
"2020-12-09 12:13","148.15","5096"
"2020-12-09 12:14","148.2","143"
"2020-12-09 12:15","148.4","4639"
"2020-12-09 12:16","148.35","7434"
"2020-12-09 12:17","148.35","8968"
"2020-12-09 12:18","148.35","2782"
"2020-12-09 12:19","148.15","5162"
"2020-12-09 12:20","148.1","30494"
"2020-12-09 12:21","148.05","1492"
"2020-12-09 12:22","148.1","108"
"2020-12-09 12:23","148.15","541"
"2020-12-09 12:24","148.1","2974"
"2020-12-09 12:25","148.15","147"
"2020-12-09 12:26","148.1","1092"
"2020-12-09 12:27","148.15","815"
"2020-12-09 12:28","148.15","1433"
"2020-12-09 12:29","148.2","322"
"2020-12-09 12:30","148.2","3944"
"2020-12-09 12:31","148.35","2677"
"2020-12-09 12:32","148.35","188"
"2020-12-09 12:33","148.4","352"
"2020-12-09 12:36","148.5","602"
"2020-12-09 12:37","148.5","6624"
"2020-12-09 12:38","148.6","2738"
"2020-12-09 12:39","148.6","715"
"2020-12-09 12:40","148.5","10739"
"2020-12-09 12:43","148.5","1386"
"2020-12-09 12:45","148.6","662"
"2020-12-09 12:46","148.7","4365"
"2020-12-09 12:47","148.75","7323"
"2020-12-09 12:48","148.7","3222"
"2020-12-09 12:49","148.7","3489"
"2020-12-09 12:50","148.75","3267"
"2020-12-09 12:51","148.7","2528"
"2020-12-09 12:52","148.9","4783"
"2020-12-09 12:53","148.95","7772"
"2020-12-09 12:54","148.95","3413"
"2020-12-09 12:55","148.95","19039"
"2020-12-09 12:56","148.95","863"
"2020-12-09 12:57","148.95","1982"
"2020-12-09 12:58","148.9","2876"
"2020-12-09 12:59","148.85","1717"
"2020-12-09 13:00","148.75","1859"
"2020-12-09 13:01","148.75","48"
"2020-12-09 13:02","148.8","3046"
"2020-12-09 13:03","149","2894"
"2020-12-09 13:04","149.05","4767"
"2020-12-09 13:05","149.1","15334"
"2020-12-09 13:06","149.2","13760"
"2020-12-09 13:07","149.05","3367"
"2020-12-09 13:08","149.05","1454"
"2020-12-09 13:09","149.1","5892"
"2020-12-09 13:10","149.15","3316"
"2020-12-09 13:11","149.15","5106"
"2020-12-09 13:13","149.3","16186"
"2020-12-09 13:14","149.15","5003"
"2020-12-09 13:15","149.15","3334"
"2020-12-09 13:16","148.9","6297"
"2020-12-09 13:17","148.95","1000"
"2020-12-09 13:18","149.15","7587"
"2020-12-09 13:19","149.2","2732"
"2020-12-09 13:20","149.2","5980"
"2020-12-09 13:21","149.15","3655"
"2020-12-09 13:22","149.25","959"
"2020-12-09 13:23","149.25","2997"
"2020-12-09 13:24","149.25","1658"
"2020-12-09 13:25","149.25","754"
"2020-12-09 13:26","149.25","3889"
"2020-12-09 13:27","149.25","4590"
"2020-12-09 13:28","149.25","7214"
"2020-12-09 13:30","149.25","2320"
"2020-12-09 13:31","149.15","8537"
"2020-12-09 13:32","149.25","1219"
"2020-12-09 13:33","149.2","922"
"2020-12-09 13:34","149.2","1000"
"2020-12-09 13:35","149.3","7145"
"2020-12-09 13:36","149.25","3571"
"2020-12-09 13:37","149.15","10115"
"2020-12-09 13:38","149","6131"
"2020-12-09 13:39","148.9","4796"
"2020-12-09 13:40","148.9","1956"
"2020-12-09 13:41","148.85","1210"
"2020-12-09 13:42","148.95","2294"
"2020-12-09 13:43","148.95","1593"
"2020-12-09 13:44","148.95","1100"
"2020-12-09 13:48","149.1","3402"
"2020-12-09 13:49","149.05","4643"
"2020-12-09 13:50","149.1","691"
"2020-12-09 13:51","149.15","2984"
"2020-12-09 13:52","149.15","249"
"2020-12-09 13:53","149.2","420"
"2020-12-09 13:54","149.15","5486"
"2020-12-09 13:55","149.2","298"
"2020-12-09 13:58","149.25","958"
"2020-12-09 13:59","149.1","6899"
"2020-12-09 14:00","149.05","1794"
"2020-12-09 14:01","149.05","614"
"2020-12-09 14:02","149.05","928"
"2020-12-09 14:03","149","140"
"2020-12-09 14:05","149","2500"
"2020-12-09 14:06","149","1447"
"2020-12-09 14:08","149","2603"
"2020-12-09 14:09","148.9","3842"
"2020-12-09 14:11","148.95","727"
"2020-12-09 14:12","148.95","4171"
"2020-12-09 14:13","148.95","243"
"2020-12-09 14:14","148.95","1424"
"2020-12-09 14:16","149.05","4079"
"2020-12-09 14:17","149.05","161"
"2020-12-09 14:18","149","3"
"2020-12-09 14:19","149.1","3931"
"2020-12-09 14:22","149.05","4996"
"2020-12-09 14:23","149.1","4976"
"2020-12-09 14:24","149.1","3521"
"2020-12-09 14:25","149.05","819"
"2020-12-09 14:27","149.05","802"
"2020-12-09 14:29","149.15","1271"
"2020-12-09 14:30","149.15","1810"
"2020-12-09 14:31","149.2","670"
"2020-12-09 14:32","149.2","932"
"2020-12-09 14:33","149.2","1000"
"2020-12-09 14:34","149.25","2399"
"2020-12-09 14:35","149.3","13904"
"2020-12-09 14:36","149.25","4461"
"2020-12-09 14:38","149.2","2819"
"2020-12-09 14:39","149.2","3748"
"2020-12-09 14:40","149.2","40"
"2020-12-09 14:41","149.2","1604"
"2020-12-09 14:43","149.15","5214"
"2020-12-09 14:44","149.15","2730"
"2020-12-09 14:45","149.25","4947"
"2020-12-09 14:46","149.25","4638"
"2020-12-09 14:48","149.25","817"
"2020-12-09 14:49","149.2","7570"
"2020-12-09 14:51","149.2","7869"
"2020-12-09 14:52","149.2","750"
"2020-12-09 14:53","149.2","3341"
"2020-12-09 14:54","149.3","6580"
"2020-12-09 14:55","149.35","7423"
"2020-12-09 14:57","149.4","4054"
"2020-12-09 14:58","149.3","4342"
"2020-12-09 14:59","149.2","5154"
"2020-12-09 15:00","149.2","4440"
"2020-12-09 15:02","149.25","4593"
"2020-12-09 15:03","149.2","305"
"2020-12-09 15:04","149.15","4507"
"2020-12-09 15:05","149.15","3300"
"2020-12-09 15:06","149.1","4066"
"2020-12-09 15:07","149.1","2171"
"2020-12-09 15:08","149.1","854"
"2020-12-09 15:09","149.15","1847"
"2020-12-09 15:10","149.2","4495"
"2020-12-09 15:11","149.2","2644"
"2020-12-09 15:12","149.3","6982"
"2020-12-09 15:13","149.35","1361"
"2020-12-09 15:14","149.3","7498"
"2020-12-09 15:15","149.35","3010"
"2020-12-09 15:16","149.35","2181"
"2020-12-09 15:17","149.3","2530"
"2020-12-09 15:18","149.2","5388"
"2020-12-09 15:19","149.25","1848"
"2020-12-09 15:20","149.3","3036"
"2020-12-09 15:21","149.3","411"
"2020-12-09 15:22","149.35","2975"
"2020-12-09 15:23","149.4","3959"
"2020-12-09 15:24","149.35","3990"
"2020-12-09 15:26","149.35","6024"
"2020-12-09 15:27","149.3","5951"
"2020-12-09 15:28","149.3","2266"
"2020-12-09 15:29","149.35","7798"
"2020-12-09 15:30","149.3","27464"
"2020-12-09 15:31","149.55","22045"
"2020-12-09 15:32","149.6","23516"
"2020-12-09 15:33","149.7","4824"
"2020-12-09 15:34","149.4","13182"
"2020-12-09 15:35","149.3","8630"
"2020-12-09 15:36","149.4","8427"
"2020-12-09 15:37","149.35","12293"
"2020-12-09 15:38","149.45","1918"
"2020-12-09 15:39","149.4","2470"
"2020-12-09 15:40","149.45","17933"
"2020-12-09 15:41","149.65","9027"
"2020-12-09 15:42","149.75","4931"
"2020-12-09 15:43","149.7","4741"
"2020-12-09 15:44","149.85","24402"
"2020-12-09 15:45","149.85","25366"
"2020-12-09 15:46","149.45","55667"
"2020-12-09 15:47","149.6","5512"
"2020-12-09 15:48","149.6","7950"
"2020-12-09 15:49","149.4","14560"
"2020-12-09 15:50","149.45","13843"
"2020-12-09 15:51","149.55","3179"
"2020-12-09 15:52","149.55","6515"
"2020-12-09 15:53","149.65","3545"
"2020-12-09 15:54","149.7","561"
"2020-12-09 15:55","149.65","9279"
"2020-12-09 15:56","149.75","7346"
"2020-12-09 15:58","149.9","6102"
"2020-12-09 15:59","149.85","14176"
"2020-12-09 16:00","150.2","91193"
"2020-12-09 16:01","150.25","13728"
"2020-12-09 16:02","150.4","8403"
"2020-12-09 16:03","150.35","14602"
"2020-12-09 16:04","150.5","22606"
"2020-12-09 16:05","150.5","10135"
"2020-12-09 16:06","150.5","3738"
"2020-12-09 16:07","150.6","3506"
"2020-12-09 16:08","150.85","10138"
"2020-12-09 16:09","150.8","4763"
"2020-12-09 16:10","150.85","12637"
"2020-12-09 16:11","150.85","24874"
"2020-12-09 16:12","150.6","15038"
"2020-12-09 16:13","150.6","13047"
"2020-12-09 16:14","150.55","23243"
"2020-12-09 16:15","150.5","16395"
"2020-12-09 16:16","150.65","12949"
"2020-12-09 16:17","150.75","2036"
"2020-12-09 16:18","150.85","12789"
"2020-12-09 16:19","150.85","20530"
"2020-12-09 16:25","150.8","1471175"
"2020-12-10 09:00","148.6","265178"
"2020-12-10 09:01","148.2","10921"
"2020-12-10 09:02","148.6","13880"
"2020-12-10 09:03","148.55","7725"
"2020-12-10 09:04","148.15","30728"
"2020-12-10 09:05","147.7","53006"
"2020-12-10 09:06","148.05","25135"
"2020-12-10 09:07","147.9","9181"
"2020-12-10 09:08","147.85","9373"
"2020-12-10 09:09","148.35","16740"
"2020-12-10 09:10","148.25","7388"
"2020-12-10 09:11","148.6","8195"
"2020-12-10 09:12","148.55","2303"
"2020-12-10 09:13","148.6","7059"
"2020-12-10 09:14","148.65","11299"
"2020-12-10 09:15","148.55","11666"
"2020-12-10 09:16","148.55","8212"
"2020-12-10 09:17","148.7","814"
"2020-12-10 09:18","148.5","11068"
"2020-12-10 09:19","148.4","2762"
"2020-12-10 09:20","148.5","2460"
"2020-12-10 09:21","148.6","3783"
"2020-12-10 09:22","148.6","7764"
"2020-12-10 09:23","148.6","2919"
"2020-12-10 09:24","148.4","1737"
"2020-12-10 09:25","148.2","6162"
"2020-12-10 09:26","148.35","9044"
"2020-12-10 09:27","148.35","1126"
"2020-12-10 09:28","148.35","9912"
"2020-12-10 09:29","148.35","2799"
"2020-12-10 09:30","148.4","4697"
"2020-12-10 09:31","148.5","2763"
"2020-12-10 09:32","148.4","8287"
"2020-12-10 09:33","148.4","3240"
"2020-12-10 09:34","148.45","3978"
"2020-12-10 09:35","148.5","7524"
"2020-12-10 09:36","148.5","1156"
"2020-12-10 09:37","148.4","2725"
"2020-12-10 09:38","148.35","17571"
"2020-12-10 09:39","148.3","4311"
"2020-12-10 09:40","148.35","4672"
"2020-12-10 09:41","148.3","4568"
"2020-12-10 09:42","148.4","24033"
"2020-12-10 09:43","148.45","4110"
"2020-12-10 09:44","148.55","12343"
"2020-12-10 09:45","148.65","2507"
"2020-12-10 09:46","148.55","4245"
"2020-12-10 09:47","148.55","575"
"2020-12-10 09:48","148.6","2795"
"2020-12-10 09:49","148.65","5657"
"2020-12-10 09:50","148.7","2015"
"2020-12-10 09:51","148.75","6796"
"2020-12-10 09:52","148.5","3158"
"2020-12-10 09:53","148.5","2818"
"2020-12-10 09:54","148.55","962"
"2020-12-10 09:55","148.7","7255"
"2020-12-10 09:56","148.6","3449"
"2020-12-10 09:57","148.6","2201"
"2020-12-10 09:58","148.65","6388"
"2020-12-10 09:59","148.5","810"
"2020-12-10 10:00","148.6","12783"
"2020-12-10 10:01","148.5","2631"
"2020-12-10 10:02","148.4","12762"
"2020-12-10 10:03","148.45","3277"
"2020-12-10 10:04","148.5","2462"
"2020-12-10 10:05","148.6","3002"
"2020-12-10 10:06","148.55","8105"
"2020-12-10 10:07","148.6","7042"
"2020-12-10 10:08","148.5","1296"
"2020-12-10 10:09","148.6","45"
"2020-12-10 10:10","148.6","1901"
"2020-12-10 10:11","148.5","2475"
"2020-12-10 10:12","148.4","3129"
"2020-12-10 10:13","148.45","1701"
"2020-12-10 10:14","148.5","5245"
"2020-12-10 10:16","148.5","2789"
"2020-12-10 10:17","148.45","553"
"2020-12-10 10:18","148.4","1239"
"2020-12-10 10:19","148.4","2482"
"2020-12-10 10:20","148.3","10986"
"2020-12-10 10:21","148.15","10706"
"2020-12-10 10:22","148","8788"
"2020-12-10 10:23","147.85","13259"
"2020-12-10 10:24","147.85","7941"
"2020-12-10 10:25","147.85","2833"
"2020-12-10 10:26","147.8","5599"
"2020-12-10 10:27","148","12200"
"2020-12-10 10:28","147.95","11048"
"2020-12-10 10:29","147.95","2171"
"2020-12-10 10:30","147.9","4894"
"2020-12-10 10:31","148.2","14998"
"2020-12-10 10:32","148.15","1564"
"2020-12-10 10:33","148","2352"
"2020-12-10 10:34","148.1","6087"
"2020-12-10 10:35","148.1","1757"
"2020-12-10 10:36","148.05","6827"
"2020-12-10 10:37","147.95","10709"
"2020-12-10 10:38","147.8","7830"
"2020-12-10 10:39","147.65","8629"
"2020-12-10 10:40","147.7","5619"
"2020-12-10 10:41","147.75","234"
"2020-12-10 10:42","147.7","6490"
"2020-12-10 10:43","147.9","8811"
"2020-12-10 10:44","148","4497"
"2020-12-10 10:45","147.95","3803"
"2020-12-10 10:46","148.1","2137"
"2020-12-10 10:47","148.2","5994"
"2020-12-10 10:48","148.2","1000"
"2020-12-10 10:49","148.1","6084"
"2020-12-10 10:50","148.05","529"
"2020-12-10 10:51","147.95","11954"
"2020-12-10 10:52","147.9","6611"
"2020-12-10 10:53","147.8","3519"
"2020-12-10 10:54","147.7","8384"
"2020-12-10 10:55","147.7","1474"
"2020-12-10 10:56","147.85","2037"
"2020-12-10 10:57","147.7","7245"
"2020-12-10 10:58","147.85","492"
"2020-12-10 10:59","147.75","2765"
"2020-12-10 11:00","147.75","3286"
"2020-12-10 11:01","147.75","1711"
"2020-12-10 11:02","147.7","4050"
"2020-12-10 11:03","147.7","845"
"2020-12-10 11:04","147.7","500"
"2020-12-10 11:05","147.55","42971"
"2020-12-10 11:06","147.6","4204"
"2020-12-10 11:07","147.5","7405"
"2020-12-10 11:08","147.45","3321"
"2020-12-10 11:09","147.5","2288"
"2020-12-10 11:10","147.6","6719"
"2020-12-10 11:11","147.7","6812"
"2020-12-10 11:12","147.7","5761"
"2020-12-10 11:13","147.7","510"
"2020-12-10 11:14","147.85","2705"
"2020-12-10 11:15","147.8","1050"
"2020-12-10 11:16","147.65","4736"
"2020-12-10 11:17","147.75","3654"
"2020-12-10 11:18","147.8","4337"
"2020-12-10 11:19","147.8","2486"
"2020-12-10 11:20","147.75","248"
"2020-12-10 11:21","147.75","4280"
"2020-12-10 11:22","147.85","91"
"2020-12-10 11:23","147.85","2653"
"2020-12-10 11:24","147.85","3276"
"2020-12-10 11:25","147.85","3685"
"2020-12-10 11:26","147.95","4020"
"2020-12-10 11:27","147.9","354"
"2020-12-10 11:29","147.9","2786"
"2020-12-10 11:30","147.9","532"
"2020-12-10 11:31","147.9","594"
"2020-12-10 11:32","147.95","1802"
"2020-12-10 11:33","147.9","10"
"2020-12-10 11:34","147.9","1934"
"2020-12-10 11:35","147.9","743"
"2020-12-10 11:37","147.9","3492"
"2020-12-10 11:38","147.85","2384"
"2020-12-10 11:39","147.85","1725"
"2020-12-10 11:40","147.9","2150"
"2020-12-10 11:41","147.95","410"
"2020-12-10 11:42","147.9","3891"
"2020-12-10 11:43","147.8","1944"
"2020-12-10 11:44","147.75","2305"
"2020-12-10 11:45","147.7","1512"
"2020-12-10 11:46","147.7","3512"
"2020-12-10 11:47","147.75","1676"
"2020-12-10 11:48","147.65","2014"
"2020-12-10 11:49","147.7","17907"
"2020-12-10 11:50","147.7","917"
"2020-12-10 11:52","147.7","1278"
"2020-12-10 11:53","147.7","2779"
"2020-12-10 11:54","147.75","2232"
"2020-12-10 11:55","147.75","3217"
"2020-12-10 11:56","147.75","40"
"2020-12-10 11:57","147.65","250"
"2020-12-10 11:58","147.75","8023"
"2020-12-10 12:00","147.8","1664"
"2020-12-10 12:02","147.8","254"
"2020-12-10 12:03","147.8","1054"
"2020-12-10 12:04","147.85","101"
"2020-12-10 12:05","147.75","4000"
"2020-12-10 12:06","147.75","978"
"2020-12-10 12:07","147.8","6623"
"2020-12-10 12:08","147.8","1252"
"2020-12-10 12:10","147.8","192"
"2020-12-10 12:11","147.85","10876"
"2020-12-10 12:12","147.85","1515"
"2020-12-10 12:13","147.75","1557"
"2020-12-10 12:14","147.6","19917"
"2020-12-10 12:15","147.6","2686"
"2020-12-10 12:16","147.65","16318"
"2020-12-10 12:17","147.55","14202"
"2020-12-10 12:18","147.5","12050"
"2020-12-10 12:19","147.5","513"
"2020-12-10 12:20","147.5","6303"
"2020-12-10 12:21","147.55","6488"
"2020-12-10 12:22","147.5","589"
"2020-12-10 12:23","147.55","1695"
"2020-12-10 12:24","147.6","2604"
"2020-12-10 12:25","147.6","98"
"2020-12-10 12:26","147.6","2149"
"2020-12-10 12:28","147.55","1219"
"2020-12-10 12:29","147.5","621"
"2020-12-10 12:30","147.45","7212"
"2020-12-10 12:31","147.45","3575"
"2020-12-10 12:32","147.5","1326"
"2020-12-10 12:33","147.4","5120"
"2020-12-10 12:35","147.45","4352"
"2020-12-10 12:36","147.45","1717"
"2020-12-10 12:37","147.55","9166"
"2020-12-10 12:38","147.6","4637"
"2020-12-10 12:40","147.7","3743"
"2020-12-10 12:41","147.8","3064"
"2020-12-10 12:42","147.85","674"
"2020-12-10 12:43","147.9","390"
"2020-12-10 12:44","147.9","7407"
"2020-12-10 12:45","147.9","4138"
"2020-12-10 12:46","147.9","1470"
"2020-12-10 12:47","147.9","3148"
"2020-12-10 12:48","147.95","4755"
"2020-12-10 12:49","147.95","6728"
"2020-12-10 12:50","147.9","1413"
"2020-12-10 12:51","148.05","5304"
"2020-12-10 12:52","148.05","2611"
"2020-12-10 12:53","148.05","903"
"2020-12-10 12:54","148.05","2093"
"2020-12-10 12:55","148.05","616"
"2020-12-10 12:56","148","1491"
"2020-12-10 12:57","148","843"
"2020-12-10 12:58","148.15","8183"
"2020-12-10 12:59","148.15","2507"
"2020-12-10 13:00","148.15","6752"
"2020-12-10 13:01","148","15971"
"2020-12-10 13:02","147.95","2305"
"2020-12-10 13:03","147.9","2192"
"2020-12-10 13:04","147.95","1638"
"2020-12-10 13:05","147.85","3793"
"2020-12-10 13:06","147.85","307"
"2020-12-10 13:07","147.8","2683"
"2020-12-10 13:08","147.8","1054"
"2020-12-10 13:09","147.9","10884"
"2020-12-10 13:10","147.9","732"
"2020-12-10 13:11","147.8","500"
"2020-12-10 13:12","147.7","1381"
"2020-12-10 13:13","147.7","3703"
"2020-12-10 13:14","147.8","3138"
"2020-12-10 13:15","147.85","1536"
"2020-12-10 13:16","147.7","5514"
"2020-12-10 13:17","147.5","5805"
"2020-12-10 13:18","147.55","2981"
"2020-12-10 13:19","147.55","2346"
"2020-12-10 13:20","147.6","68"
"2020-12-10 13:21","147.55","715"
"2020-12-10 13:22","147.5","2920"
"2020-12-10 13:23","147.6","500"
"2020-12-10 13:24","147.55","6448"
"2020-12-10 13:25","147.5","22068"
"2020-12-10 13:26","147.5","34"
"2020-12-10 13:27","147.5","1260"
"2020-12-10 13:28","147.45","1949"
"2020-12-10 13:29","147.3","31629"
"2020-12-10 13:30","147.3","11481"
"2020-12-10 13:31","147.3","9894"
"2020-12-10 13:32","147.25","18930"
"2020-12-10 13:33","147.1","7189"
"2020-12-10 13:34","147.15","12547"
"2020-12-10 13:35","147.1","3063"
"2020-12-10 13:36","147.05","25584"
"2020-12-10 13:37","147.1","4205"
"2020-12-10 13:38","147.15","13166"
"2020-12-10 13:39","147.15","6986"
"2020-12-10 13:40","147.2","1000"
"2020-12-10 13:41","147.15","1193"
"2020-12-10 13:42","147.25","3018"
"2020-12-10 13:43","147.3","3619"
"2020-12-10 13:44","147.4","4368"
"2020-12-10 13:45","147.55","9449"
"2020-12-10 13:46","147.7","4202"
"2020-12-10 13:47","147.4","5517"
"2020-12-10 13:48","147.45","2309"
"2020-12-10 13:49","147.4","76"
"2020-12-10 13:50","147.4","3252"
"2020-12-10 13:51","147.35","2266"
"2020-12-10 13:52","147.4","2453"
"2020-12-10 13:53","147.4","4210"
"2020-12-10 13:54","147.55","4837"
"2020-12-10 13:55","147.45","2684"
"2020-12-10 13:56","147.4","3082"
"2020-12-10 13:57","147.3","4351"
"2020-12-10 13:58","147.35","2262"
"2020-12-10 13:59","147.35","534"
"2020-12-10 14:00","147.2","10497"
"2020-12-10 14:01","147.25","1787"
"2020-12-10 14:02","147.2","1092"
"2020-12-10 14:03","147.2","5272"
"2020-12-10 14:05","147.35","3354"
"2020-12-10 14:06","147.35","1616"
"2020-12-10 14:07","147.4","2037"
"2020-12-10 14:08","147.4","133"
"2020-12-10 14:09","147.35","1751"
"2020-12-10 14:10","147.4","2443"
"2020-12-10 14:11","147.4","2553"
"2020-12-10 14:12","147.4","974"
"2020-12-10 14:13","147.45","1317"
"2020-12-10 14:15","147.45","6385"
"2020-12-10 14:16","147.25","7171"
"2020-12-10 14:17","147.2","6539"
"2020-12-10 14:18","147.15","846"
"2020-12-10 14:19","147.05","1741"
"2020-12-10 14:20","147.15","2697"
"2020-12-10 14:21","147.3","3597"
"2020-12-10 14:22","147.35","4221"
"2020-12-10 14:23","147.35","945"
"2020-12-10 14:24","147.4","3307"
"2020-12-10 14:25","147.6","5955"
"2020-12-10 14:26","147.65","558"
"2020-12-10 14:27","147.55","1317"
"2020-12-10 14:28","147.55","2360"
"2020-12-10 14:29","147.55","4976"
"2020-12-10 14:30","147.6","4938"
"2020-12-10 14:31","147.65","2303"
"2020-12-10 14:32","147.75","2652"
"2020-12-10 14:33","147.75","2790"
"2020-12-10 14:34","147.7","6026"
"2020-12-10 14:35","147.65","2384"
"2020-12-10 14:36","147.7","1211"
"2020-12-10 14:37","147.6","424"
"2020-12-10 14:38","147.6","4400"
"2020-12-10 14:39","147.6","4730"
"2020-12-10 14:40","147.65","3120"
"2020-12-10 14:41","147.6","768"
"2020-12-10 14:42","147.55","4305"
"2020-12-10 14:43","147.5","9104"
"2020-12-10 14:44","147.65","2182"
"2020-12-10 14:45","147.7","1187"
"2020-12-10 14:46","147.55","5974"
"2020-12-10 14:47","147.6","2189"
"2020-12-10 14:48","147.55","4884"
"2020-12-10 14:49","147.55","3041"
"2020-12-10 14:50","147.65","6215"
"2020-12-10 14:51","147.7","3466"
"2020-12-10 14:52","147.65","1816"
"2020-12-10 14:53","147.6","4258"
"2020-12-10 14:54","147.55","6340"
"2020-12-10 14:55","147.7","2190"
"2020-12-10 14:56","147.6","5591"
"2020-12-10 14:57","147.5","5938"
"2020-12-10 14:58","147.4","10016"
"2020-12-10 14:59","147.75","8007"
"2020-12-10 15:00","147.7","7920"
"2020-12-10 15:01","147.75","4809"
"2020-12-10 15:02","147.85","2776"
"2020-12-10 15:03","147.8","5709"
"2020-12-10 15:04","147.75","3149"
"2020-12-10 15:05","147.85","3787"
"2020-12-10 15:06","147.85","2833"
"2020-12-10 15:07","147.95","9210"
"2020-12-10 15:08","148.05","16438"
"2020-12-10 15:09","148","11016"
"2020-12-10 15:10","148.05","9960"
"2020-12-10 15:11","148","4902"
"2020-12-10 15:12","148.1","1328"
"2020-12-10 15:13","148","4072"
"2020-12-10 15:14","147.9","2545"
"2020-12-10 15:15","147.8","1286"
"2020-12-10 15:16","147.9","2531"
"2020-12-10 15:17","147.9","3958"
"2020-12-10 15:18","147.9","1855"
"2020-12-10 15:19","147.95","8353"
"2020-12-10 15:20","147.95","2739"
"2020-12-10 15:21","148","1655"
"2020-12-10 15:22","148.05","3005"
"2020-12-10 15:23","147.95","4727"
"2020-12-10 15:24","147.95","1878"
"2020-12-10 15:25","147.95","3127"
"2020-12-10 15:26","147.85","798"
"2020-12-10 15:27","147.6","4896"
"2020-12-10 15:28","147.55","1066"
"2020-12-10 15:29","147.5","9902"
"2020-12-10 15:30","147.75","22795"
"2020-12-10 15:31","147.85","36420"
"2020-12-10 15:32","147.95","6531"
"2020-12-10 15:33","148.15","21505"
"2020-12-10 15:34","148","23378"
"2020-12-10 15:35","148","4505"
"2020-12-10 15:36","147.85","6293"
"2020-12-10 15:37","147.95","7699"
"2020-12-10 15:38","148","9910"
"2020-12-10 15:39","148.25","19287"
"2020-12-10 15:40","148.35","20361"
"2020-12-10 15:41","148.2","8209"
"2020-12-10 15:42","148.3","15696"
"2020-12-10 15:43","148.3","8180"
"2020-12-10 15:44","148.2","10114"
"2020-12-10 15:45","148.3","3368"
"2020-12-10 15:46","148.25","4974"
"2020-12-10 15:47","148.2","3796"
"2020-12-10 15:48","148.15","6969"
"2020-12-10 15:49","148.35","2371"
"2020-12-10 15:50","148.45","26843"
"2020-12-10 15:51","148.5","3477"
"2020-12-10 15:52","148.55","6200"
"2020-12-10 15:53","148.35","24059"
"2020-12-10 15:54","148.3","5797"
"2020-12-10 15:55","148.45","7315"
"2020-12-10 15:56","148.45","4149"
"2020-12-10 15:57","148.6","35821"
"2020-12-10 15:58","148.6","11458"
"2020-12-10 15:59","148.75","8820"
"2020-12-10 16:00","148.8","19024"
"2020-12-10 16:01","148.7","7741"
"2020-12-10 16:02","149","27637"
"2020-12-10 16:03","149.2","26164"
"2020-12-10 16:04","149.25","11840"
"2020-12-10 16:05","149.2","5997"
"2020-12-10 16:06","149.35","8035"
"2020-12-10 16:07","149.4","7045"
"2020-12-10 16:08","149.45","10448"
"2020-12-10 16:09","149.35","16645"
"2020-12-10 16:10","149.4","43526"
"2020-12-10 16:11","149.4","6389"
"2020-12-10 16:12","149.35","16035"
"2020-12-10 16:13","149.35","9183"
"2020-12-10 16:14","149.4","11772"
"2020-12-10 16:15","149.5","15648"
"2020-12-10 16:16","149.45","7292"
"2020-12-10 16:17","149.5","17554"
"2020-12-10 16:18","149.65","13390"
"2020-12-10 16:19","149.4","27112"
"2020-12-10 16:25","150","1673053"
"2020-12-10 16:26","150","1101"
"2020-12-10 16:27","150","2380"
"2020-12-11 09:00","149.4","134130"
"2020-12-11 09:01","149.7","3835"
"2020-12-11 09:02","149.7","5388"
"2020-12-11 09:03","149.35","19189"
"2020-12-11 09:04","148.7","5857"
"2020-12-11 09:05","148.85","10381"
"2020-12-11 09:06","149.05","3020"
"2020-12-11 09:07","149.35","4893"
"2020-12-11 09:08","149.65","7862"
"2020-12-11 09:09","149.6","3911"
"2020-12-11 09:10","149.6","3864"
"2020-12-11 09:11","149.45","2328"
"2020-12-11 09:12","149.55","2280"
"2020-12-11 09:13","149.35","1427"
"2020-12-11 09:14","149.4","1572"
"2020-12-11 09:15","149.1","7511"
"2020-12-11 09:16","148.8","15791"
"2020-12-11 09:17","148.45","21175"
"2020-12-11 09:18","149","10232"
"2020-12-11 09:19","148.95","5108"
"2020-12-11 09:20","148.8","14719"
"2020-12-11 09:21","148.65","6667"
"2020-12-11 09:22","148.5","12155"
"2020-12-11 09:23","148.6","5180"
"2020-12-11 09:24","148.55","3028"
"2020-12-11 09:25","148.4","3560"
"2020-12-11 09:26","148.45","5107"
"2020-12-11 09:27","148.5","1516"
"2020-12-11 09:28","148.45","3238"
"2020-12-11 09:29","148.25","5493"
"2020-12-11 09:30","148.2","6845"
"2020-12-11 09:31","148.15","11896"
"2020-12-11 09:32","148.15","10521"
"2020-12-11 09:33","148.1","16310"
"2020-12-11 09:34","148.1","5984"
"2020-12-11 09:35","148.05","744"
"2020-12-11 09:36","148","8420"
"2020-12-11 09:37","148","10565"
"2020-12-11 09:38","148.15","7355"
"2020-12-11 09:39","148.05","3106"
"2020-12-11 09:40","148","7115"
"2020-12-11 09:41","147.75","9521"
"2020-12-11 09:42","147.9","14575"
"2020-12-11 09:43","148","4493"
"2020-12-11 09:44","148","2454"
"2020-12-11 09:45","147.95","9093"
"2020-12-11 09:46","147.9","5574"
"2020-12-11 09:47","148","2246"
"2020-12-11 09:48","148","2732"
"2020-12-11 09:49","148","2932"
"2020-12-11 09:50","147.85","1607"
"2020-12-11 09:51","147.9","2390"
"2020-12-11 09:52","147.75","12658"
"2020-12-11 09:53","147.75","6562"
"2020-12-11 09:54","147.7","262"
"2020-12-11 09:55","147.85","5595"
"2020-12-11 09:56","147.95","1213"
"2020-12-11 09:57","148.05","4128"
"2020-12-11 09:58","148.15","6961"
"2020-12-11 09:59","148.2","4142"
"2020-12-11 10:00","148.15","909"
"2020-12-11 10:01","148.15","5044"
"2020-12-11 10:02","148.25","12072"
"2020-12-11 10:03","148.3","5768"
"2020-12-11 10:04","148.35","2149"
"2020-12-11 10:05","148.5","4576"
"2020-12-11 10:06","148.75","7679"
"2020-12-11 10:07","148.7","4595"
"2020-12-11 10:08","148.5","5808"
"2020-12-11 10:09","148.4","1196"
"2020-12-11 10:10","148.3","4033"
"2020-12-11 10:11","148.25","3641"
"2020-12-11 10:12","148.2","2281"
"2020-12-11 10:13","148.2","764"
"2020-12-11 10:14","148.15","1335"
"2020-12-11 10:15","148.15","3327"
"2020-12-11 10:16","148.2","2930"
"2020-12-11 10:17","148.3","528"
"2020-12-11 10:18","148.3","90"
"2020-12-11 10:19","148.35","2888"
"2020-12-11 10:20","148.45","2914"
"2020-12-11 10:21","148.5","3357"
"2020-12-11 10:22","148.3","2027"
"2020-12-11 10:23","148.3","2002"
"2020-12-11 10:24","148.2","1004"
"2020-12-11 10:25","148.2","1"
"2020-12-11 10:26","148.3","6223"
"2020-12-11 10:27","148.35","275"
"2020-12-11 10:28","148.35","776"
"2020-12-11 10:29","148.25","1121"
"2020-12-11 10:30","148.2","1605"
"2020-12-11 10:31","148.3","2193"
"2020-12-11 10:32","148.3","454"
"2020-12-11 10:33","148.25","24"
"2020-12-11 10:34","148.25","2830"
"2020-12-11 10:35","148.3","7267"
"2020-12-11 10:36","148.15","3919"
"2020-12-11 10:37","148.3","1896"
"2020-12-11 10:38","148.3","1004"
"2020-12-11 10:39","148.4","9409"
"2020-12-11 10:40","148.4","567"
"2020-12-11 10:41","148.35","20"
"2020-12-11 10:42","148.25","339"
"2020-12-11 10:43","148.45","3986"
"2020-12-11 10:44","148.5","8798"
"2020-12-11 10:45","148.6","3551"
"2020-12-11 10:46","148.65","1038"
"2020-12-11 10:47","148.65","2640"
"2020-12-11 10:49","148.55","2607"
"2020-12-11 10:50","148.5","4588"
"2020-12-11 10:51","148.55","3518"
"2020-12-11 10:52","148.5","4853"
"2020-12-11 10:53","148.5","1030"
"2020-12-11 10:54","148.45","350"
"2020-12-11 10:55","148.45","1681"
"2020-12-11 10:56","148.4","1627"
"2020-12-11 10:57","148.2","3052"
"2020-12-11 10:58","148.2","3802"
"2020-12-11 10:59","148.25","4035"
"2020-12-11 11:00","148.4","5567"
"2020-12-11 11:01","148.45","2638"
"2020-12-11 11:02","148.35","3414"
"2020-12-11 11:03","148.4","1558"
"2020-12-11 11:04","148.25","4435"
"2020-12-11 11:05","148.35","1683"
"2020-12-11 11:06","148.4","2519"
"2020-12-11 11:07","148.4","1025"
"2020-12-11 11:08","148.4","1087"
"2020-12-11 11:09","148.4","820"
"2020-12-11 11:10","148.35","1465"
"2020-12-11 11:11","148.35","2251"
"2020-12-11 11:12","148.3","434"
"2020-12-11 11:13","148.3","1256"
"2020-12-11 11:14","148.35","1385"
"2020-12-11 11:15","148.35","300"
"2020-12-11 11:16","148.4","2274"
"2020-12-11 11:17","148.35","617"
"2020-12-11 11:18","148.4","1468"
"2020-12-11 11:19","148.3","3453"
"2020-12-11 11:21","148.25","1413"
"2020-12-11 11:22","148.3","2008"
"2020-12-11 11:23","148.35","2007"
"2020-12-11 11:24","148.35","1693"
"2020-12-11 11:25","148.4","16"
"2020-12-11 11:28","148.4","100"
"2020-12-11 11:29","148.35","6494"
"2020-12-11 11:30","148.4","1368"
"2020-12-11 11:31","148.4","852"
"2020-12-11 11:32","148.4","107"
"2020-12-11 11:33","148.3","1724"
"2020-12-11 11:34","148.2","2409"
"2020-12-11 11:35","148.15","1104"
"2020-12-11 11:36","148.15","677"
"2020-12-11 11:37","148.15","3722"
"2020-12-11 11:38","148.05","4168"
"2020-12-11 11:39","148.05","300"
"2020-12-11 11:40","148.05","904"
"2020-12-11 11:41","148.05","7989"
"2020-12-11 11:43","148","3642"
"2020-12-11 11:45","147.9","7163"
"2020-12-11 11:46","147.9","1257"
"2020-12-11 11:47","147.95","14"
"2020-12-11 11:48","148.1","10597"
"2020-12-11 11:49","148.15","606"
"2020-12-11 11:50","148.15","2998"
"2020-12-11 11:51","148.25","1596"
"2020-12-11 11:52","148.2","2260"
"2020-12-11 11:53","148.2","160"
"2020-12-11 11:54","148.1","1555"
"2020-12-11 11:55","148","1503"
"2020-12-11 11:56","147.95","2203"
"2020-12-11 11:57","147.9","868"
"2020-12-11 11:58","147.85","873"
"2020-12-11 11:59","147.85","3102"
"2020-12-11 12:00","147.85","3147"
"2020-12-11 12:01","147.85","662"
"2020-12-11 12:02","148.05","9359"
"2020-12-11 12:03","148","3937"
"2020-12-11 12:04","148","888"
"2020-12-11 12:05","147.95","316"
"2020-12-11 12:06","147.95","3926"
"2020-12-11 12:07","147.9","3248"
"2020-12-11 12:08","147.75","8145"
"2020-12-11 12:09","147.7","1555"
"2020-12-11 12:10","147.7","5935"
"2020-12-11 12:11","147.7","513"
"2020-12-11 12:12","147.8","4158"
"2020-12-11 12:13","147.75","3302"
"2020-12-11 12:14","147.75","858"
"2020-12-11 12:15","147.8","1513"
"2020-12-11 12:16","147.9","618"
"2020-12-11 12:17","147.8","6417"
"2020-12-11 12:18","147.85","776"
"2020-12-11 12:20","147.7","3600"
"2020-12-11 12:21","147.65","1696"
"2020-12-11 12:22","147.75","2125"
"2020-12-11 12:23","147.8","241"
"2020-12-11 12:24","147.7","2240"
"2020-12-11 12:25","147.7","171"
"2020-12-11 12:26","147.75","2377"
"2020-12-11 12:27","147.8","2404"
"2020-12-11 12:28","147.85","1060"
"2020-12-11 12:29","147.8","802"
"2020-12-11 12:30","147.9","345"
"2020-12-11 12:32","147.9","253"
"2020-12-11 12:33","148","720"
"2020-12-11 12:35","147.85","5128"
"2020-12-11 12:36","147.85","1050"
"2020-12-11 12:37","147.8","1115"
"2020-12-11 12:38","147.8","4484"
"2020-12-11 12:39","147.9","1310"
"2020-12-11 12:40","147.95","108"
"2020-12-11 12:41","147.85","6781"
"2020-12-11 12:42","147.9","3441"
"2020-12-11 12:43","147.9","362"
"2020-12-11 12:44","147.9","478"
"2020-12-11 12:45","147.95","596"
"2020-12-11 12:46","147.95","784"
"2020-12-11 12:47","147.95","1533"
"2020-12-11 12:48","147.95","9220"
"2020-12-11 12:49","147.9","4945"
"2020-12-11 12:50","147.95","716"
"2020-12-11 12:51","147.95","1410"
"2020-12-11 12:52","147.9","1072"
"2020-12-11 12:53","147.85","2619"
"2020-12-11 12:54","147.85","777"
"2020-12-11 12:55","147.8","1952"
"2020-12-11 12:56","147.85","5740"
"2020-12-11 12:57","147.9","1903"
"2020-12-11 12:58","147.95","5447"
"2020-12-11 12:59","148","2153"
"2020-12-11 13:00","148.1","5343"
"2020-12-11 13:01","147.95","5583"
"2020-12-11 13:02","148","912"
"2020-12-11 13:03","148.05","3446"
"2020-12-11 13:04","148.1","390"
"2020-12-11 13:05","148.1","564"
"2020-12-11 13:06","148.1","689"
"2020-12-11 13:07","148.15","5164"
"2020-12-11 13:08","148.25","2979"
"2020-12-11 13:09","148.25","255"
"2020-12-11 13:10","148.25","1624"
"2020-12-11 13:11","148.25","2"
"2020-12-11 13:12","148.25","557"
"2020-12-11 13:13","148.35","3883"
"2020-12-11 13:14","148.4","156"
"2020-12-11 13:15","148.35","11796"
"2020-12-11 13:16","148.45","4954"
"2020-12-11 13:17","148.45","1104"
"2020-12-11 13:18","148.5","4210"
"2020-12-11 13:19","148.6","1194"
"2020-12-11 13:20","148.6","2574"
"2020-12-11 13:21","148.5","3278"
"2020-12-11 13:22","148.4","117"
"2020-12-11 13:23","148.5","56"
"2020-12-11 13:24","148.5","949"
"2020-12-11 13:25","148.55","1435"
"2020-12-11 13:26","148.6","1180"
"2020-12-11 13:27","148.7","7391"
"2020-12-11 13:28","148.65","2231"
"2020-12-11 13:29","148.7","851"
"2020-12-11 13:30","148.6","1320"
"2020-12-11 13:31","148.5","227"
"2020-12-11 13:32","148.35","2664"
"2020-12-11 13:33","148.4","4346"
"2020-12-11 13:34","148.4","4232"
"2020-12-11 13:35","148.3","817"
"2020-12-11 13:36","148.35","2208"
"2020-12-11 13:37","148.4","60"
"2020-12-11 13:38","148.3","1074"
"2020-12-11 13:39","148.35","1200"
"2020-12-11 13:40","148.4","1895"
"2020-12-11 13:41","148.35","5819"
"2020-12-11 13:44","148.3","2000"
"2020-12-11 13:45","148.3","1502"
"2020-12-11 13:46","148.3","1749"
"2020-12-11 13:47","148.3","100"
"2020-12-11 13:48","148.4","2439"
"2020-12-11 13:49","148.45","848"
"2020-12-11 13:50","148.45","964"
"2020-12-11 13:51","148.5","1391"
"2020-12-11 13:53","148.35","4352"
"2020-12-11 13:54","148.35","7197"
"2020-12-11 13:55","148.35","2662"
"2020-12-11 13:56","148.35","1437"
"2020-12-11 13:57","148.3","735"
"2020-12-11 13:58","148.25","1960"
"2020-12-11 13:59","148.2","7293"
"2020-12-11 14:00","148.25","3185"
"2020-12-11 14:01","148.3","1720"
"2020-12-11 14:02","148.35","1167"
"2020-12-11 14:03","148.4","1375"
"2020-12-11 14:04","148.4","8343"
"2020-12-11 14:05","148.45","2212"
"2020-12-11 14:06","148.55","3636"
"2020-12-11 14:07","148.45","800"
"2020-12-11 14:08","148.55","219"
"2020-12-11 14:09","148.5","3558"
"2020-12-11 14:11","148.45","1657"
"2020-12-11 14:12","148.45","1356"
"2020-12-11 14:13","148.45","200"
"2020-12-11 14:14","148.45","165"
"2020-12-11 14:15","148.35","6894"
"2020-12-11 14:16","148.35","3153"
"2020-12-11 14:17","148.35","42"
"2020-12-11 14:18","148.35","3810"
"2020-12-11 14:19","148.45","5"
"2020-12-11 14:20","148.4","4943"
"2020-12-11 14:21","148.4","2652"
"2020-12-11 14:22","148.5","47"
"2020-12-11 14:23","148.35","3816"
"2020-12-11 14:24","148.4","1671"
"2020-12-11 14:25","148.5","3546"
"2020-12-11 14:26","148.55","1448"
"2020-12-11 14:27","148.6","101"
"2020-12-11 14:29","148.55","7000"
"2020-12-11 14:30","148.7","10619"
"2020-12-11 14:31","148.7","3044"
"2020-12-11 14:32","148.75","5355"
"2020-12-11 14:33","148.75","4630"
"2020-12-11 14:35","148.7","8041"
"2020-12-11 14:36","148.75","4423"
"2020-12-11 14:37","148.75","2608"
"2020-12-11 14:38","148.75","661"
"2020-12-11 14:39","148.6","4182"
"2020-12-11 14:40","148.6","1000"
"2020-12-11 14:41","148.6","4212"
"2020-12-11 14:42","148.7","8138"
"2020-12-11 14:43","148.7","7076"
"2020-12-11 14:45","148.8","4766"
"2020-12-11 14:46","148.8","1893"
"2020-12-11 14:47","148.85","1073"
"2020-12-11 14:48","148.85","3701"
"2020-12-11 14:49","148.85","450"
"2020-12-11 14:50","148.9","4604"
"2020-12-11 14:51","148.85","3015"
"2020-12-11 14:53","148.85","1263"
"2020-12-11 14:54","148.9","3307"
"2020-12-11 14:55","148.9","918"
"2020-12-11 14:56","148.95","2343"
"2020-12-11 14:57","149","4136"
"2020-12-11 14:59","148.95","1830"
"2020-12-11 15:00","148.95","47"
"2020-12-11 15:01","148.9","9"
"2020-12-11 15:02","148.95","2336"
"2020-12-11 15:03","148.95","69"
"2020-12-11 15:04","149.05","6034"
"2020-12-11 15:05","149","17996"
"2020-12-11 15:06","149","8880"
"2020-12-11 15:07","149.15","4853"
"2020-12-11 15:08","149.1","2698"
"2020-12-11 15:09","149","5749"
"2020-12-11 15:10","148.95","1626"
"2020-12-11 15:11","149.1","6772"
"2020-12-11 15:12","149.15","4118"
"2020-12-11 15:13","149.15","2360"
"2020-12-11 15:14","148.95","9787"
"2020-12-11 15:15","149.05","6977"
"2020-12-11 15:16","149.05","1948"
"2020-12-11 15:17","149.05","1081"
"2020-12-11 15:18","149.05","6543"
"2020-12-11 15:19","149.1","1999"
"2020-12-11 15:20","149.2","2796"
"2020-12-11 15:21","149.25","50"
"2020-12-11 15:22","149.1","6590"
"2020-12-11 15:23","149.1","1341"
"2020-12-11 15:24","149.15","721"
"2020-12-11 15:25","149.15","3869"
"2020-12-11 15:26","149.15","7464"
"2020-12-11 15:27","149.65","27551"
"2020-12-11 15:28","149.65","1905"
"2020-12-11 15:29","149.75","20240"
"2020-12-11 15:30","149.35","25285"
"2020-12-11 15:31","149.3","6317"
"2020-12-11 15:32","149","25298"
"2020-12-11 15:33","149.35","8633"
"2020-12-11 15:34","149.05","9687"
"2020-12-11 15:35","148.75","21809"
"2020-12-11 15:36","148.9","1621"
"2020-12-11 15:37","149.1","8286"
"2020-12-11 15:38","149.1","12356"
"2020-12-11 15:39","149","3969"
"2020-12-11 15:40","149.2","4131"
"2020-12-11 15:41","149.3","17357"
"2020-12-11 15:42","149.4","14842"
"2020-12-11 15:43","149.05","10037"
"2020-12-11 15:44","149.1","11099"
"2020-12-11 15:45","149.25","7378"
"2020-12-11 15:46","149.1","8878"
"2020-12-11 15:47","149.05","8098"
"2020-12-11 15:48","148.95","2894"
"2020-12-11 15:49","148.95","7575"
"2020-12-11 15:50","149.05","18143"
"2020-12-11 15:51","149.05","1688"
"2020-12-11 15:52","149.1","5679"
"2020-12-11 15:53","149","5154"
"2020-12-11 15:54","149.05","1928"
"2020-12-11 15:55","149.1","3681"
"2020-12-11 15:57","149.25","5980"
"2020-12-11 15:58","149.2","1751"
"2020-12-11 15:59","149.2","3754"
"2020-12-11 16:00","149.35","4575"
"2020-12-11 16:01","149.35","11036"
"2020-12-11 16:02","149.4","5573"
"2020-12-11 16:03","149.25","5674"
"2020-12-11 16:04","149","6197"
"2020-12-11 16:05","148.9","7232"
"2020-12-11 16:06","148.95","1027"
"2020-12-11 16:07","149","638"
"2020-12-11 16:08","149.05","1692"
"2020-12-11 16:09","148.75","8852"
"2020-12-11 16:10","148.55","13277"
"2020-12-11 16:11","148.6","7571"
"2020-12-11 16:12","148.7","12081"
"2020-12-11 16:13","148.8","7056"
"2020-12-11 16:14","148.8","6820"
"2020-12-11 16:15","148.75","3988"
"2020-12-11 16:16","148.7","2582"
"2020-12-11 16:17","148.85","3544"
"2020-12-11 16:18","148.8","4233"
"2020-12-11 16:19","149","5328"
"2020-12-11 16:25","148.55","1320092"
